grid,black_squares,open_squares,source_url
1,32,193,https://crosswordgrids.com/15x15-crossword-grids/grid-1
2,32,193,https://crosswordgrids.com/15x15-crossword-grids/grid-2
3,38,187,https://crosswordgrids.com/15x15-crossword-grids/grid-3
4,36,189,https://crosswordgrids.com/15x15-crossword-grids/grid-4
5,36,189,https://crosswordgrids.com/15x15-crossword-grids/grid-5
6,34,191,https://crosswordgrids.com/15x15-crossword-grids/grid-6
7,32,193,https://crosswordgrids.com/15x15-crossword-grids/grid-7
8,34,191,https://crosswordgrids.com/15x15-crossword-grids/grid-8
9,36,189,https://crosswordgrids.com/15x15-crossword-grids/grid-9
10,38,187,https://crosswordgrids.com/15x15-crossword-grids/grid-10
11,44,181,https://crosswordgrids.com/15x15-crossword-grids/grid-11
12,38,187,https://crosswordgrids.com/15x15-crossword-grids/grid-12
13,34,191,https://crosswordgrids.com/15x15-crossword-grids/grid-13
14,40,185,https://crosswordgrids.com/15x15-crossword-grids/grid-14
15,38,187,https://crosswordgrids.com/15x15-crossword-grids/grid-15
16,34,191,https://crosswordgrids.com/15x15-crossword-grids/grid-16
17,36,189,https://crosswordgrids.com/15x15-crossword-grids/grid-17
18,42,183,https://crosswordgrids.com/15x15-crossword-grids/grid-18
19,42,183,https://crosswordgrids.com/15x15-crossword-grids/grid-19
20,32,193,https://crosswordgrids.com/15x15-crossword-grids/grid-20
21,38,187,https://crosswordgrids.com/15x15-crossword-grids/grid-21
22,44,181,https://crosswordgrids.com/15x15-crossword-grids/grid-22
23,36,189,https://crosswordgrids.com/15x15-crossword-grids/grid-23
24,40,185,https://crosswordgrids.com/15x15-crossword-grids/grid-24
25,42,183,https://crosswordgrids.com/15x15-crossword-grids/grid-25
26,42,183,https://crosswordgrids.com/15x15-crossword-grids/grid-26
27,34,191,https://crosswordgrids.com/15x15-crossword-grids/grid-27
28,34,191,https://crosswordgrids.com/15x15-crossword-grids/grid-28
29,36,189,https://crosswordgrids.com/15x15-crossword-grids/grid-29
30,38,187,https://crosswordgrids.com/15x15-crossword-grids/grid-30
31,38,187,https://crosswordgrids.com/15x15-crossword-grids/grid-31
32,34,191,https://crosswordgrids.com/15x15-crossword-grids/grid-32
33,42,183,https://crosswordgrids.com/15x15-crossword-grids/grid-33
34,40,185,https://crosswordgrids.com/15x15-crossword-grids/grid-34
35,44,181,https://crosswordgrids.com/15x15-crossword-grids/grid-35
36,34,191,https://crosswordgrids.com/15x15-crossword-grids/grid-36
37,36,189,https://crosswordgrids.com/15x15-crossword-grids/grid-37
38,44,181,https://crosswordgrids.com/15x15-crossword-grids/grid-38
39,42,183,https://crosswordgrids.com/15x15-crossword-grids/grid-39
40,42,183,https://crosswordgrids.com/15x15-crossword-grids/grid-40
41,32,193,https://crosswordgrids.com/15x15-crossword-grids/grid-41
42,32,193,https://crosswordgrids.com/15x15-crossword-grids/grid-42
43,32,193,https://crosswordgrids.com/15x15-crossword-grids/grid-43
44,38,187,https://crosswordgrids.com/15x15-crossword-grids/grid-44
45,38,187,https://crosswordgrids.com/15x15-crossword-grids/grid-45
46,36,189,https://crosswordgrids.com/15x15-crossword-grids/grid-46
47,32,193,https://crosswordgrids.com/15x15-crossword-grids/grid-47
48,38,187,https://crosswordgrids.com/15x15-crossword-grids/grid-48
49,34,191,https://crosswordgrids.com/15x15-crossword-grids/grid-49
50,44,181,https://crosswordgrids.com/15x15-crossword-grids/grid-50
51,36,189,https://crosswordgrids.com/15x15-crossword-grids/grid-51
52,46,179,https://crosswordgrids.com/15x15-crossword-grids/grid-52
53,32,193,https://crosswordgrids.com/15x15-crossword-grids/grid-53
54,40,185,https://crosswordgrids.com/15x15-crossword-grids/grid-54
55,32,193,https://crosswordgrids.com/15x15-crossword-grids/grid-55
56,34,191,https://crosswordgrids.com/15x15-crossword-grids/grid-56
57,34,191,https://crosswordgrids.com/15x15-crossword-grids/grid-57
58,34,191,https://crosswordgrids.com/15x15-crossword-grids/grid-58
59,46,179,https://crosswordgrids.com/15x15-crossword-grids/grid-59
60,42,183,https://crosswordgrids.com/15x15-crossword-grids/grid-60
61,32,193,https://crosswordgrids.com/15x15-crossword-grids/grid-61
62,44,181,https://crosswordgrids.com/15x15-crossword-grids/grid-62
63,32,193,https://crosswordgrids.com/15x15-crossword-grids/grid-63
64,38,187,https://crosswordgrids.com/15x15-crossword-grids/grid-64
65,44,181,https://crosswordgrids.com/15x15-crossword-grids/grid-65
66,40,185,https://crosswordgrids.com/15x15-crossword-grids/grid-66
67,44,181,https://crosswordgrids.com/15x15-crossword-grids/grid-67
68,34,191,https://crosswordgrids.com/15x15-crossword-grids/grid-68
69,32,193,https://crosswordgrids.com/15x15-crossword-grids/grid-69
70,38,187,https://crosswordgrids.com/15x15-crossword-grids/grid-70
71,34,191,https://crosswordgrids.com/15x15-crossword-grids/grid-71
72,32,193,https://crosswordgrids.com/15x15-crossword-grids/grid-72
73,38,187,https://crosswordgrids.com/15x15-crossword-grids/grid-73
74,46,179,https://crosswordgrids.com/15x15-crossword-grids/grid-74
75,42,183,https://crosswordgrids.com/15x15-crossword-grids/grid-75
76,36,189,https://crosswordgrids.com/15x15-crossword-grids/grid-76
77,32,193,https://crosswordgrids.com/15x15-crossword-grids/grid-77
78,46,179,https://crosswordgrids.com/15x15-crossword-grids/grid-78
79,44,181,https://crosswordgrids.com/15x15-crossword-grids/grid-79
80,38,187,https://crosswordgrids.com/15x15-crossword-grids/grid-80
81,34,191,https://crosswordgrids.com/15x15-crossword-grids/grid-81
82,36,189,https://crosswordgrids.com/15x15-crossword-grids/grid-82
83,38,187,https://crosswordgrids.com/15x15-crossword-grids/grid-83
84,36,189,https://crosswordgrids.com/15x15-crossword-grids/grid-84
85,36,189,https://crosswordgrids.com/15x15-crossword-grids/grid-85
86,40,185,https://crosswordgrids.com/15x15-crossword-grids/grid-86
87,36,189,https://crosswordgrids.com/15x15-crossword-grids/grid-87
88,40,185,https://crosswordgrids.com/15x15-crossword-grids/grid-88
89,44,181,https://crosswordgrids.com/15x15-crossword-grids/grid-89
90,42,183,https://crosswordgrids.com/15x15-crossword-grids/grid-90
91,38,187,https://crosswordgrids.com/15x15-crossword-grids/grid-91
92,42,183,https://crosswordgrids.com/15x15-crossword-grids/grid-92
93,44,181,https://crosswordgrids.com/15x15-crossword-grids/grid-93
94,46,179,https://crosswordgrids.com/15x15-crossword-grids/grid-94
95,34,191,https://crosswordgrids.com/15x15-crossword-grids/grid-95
96,42,183,https://crosswordgrids.com/15x15-crossword-grids/grid-96
97,32,193,https://crosswordgrids.com/15x15-crossword-grids/grid-97
98,40,185,https://crosswordgrids.com/15x15-crossword-grids/grid-98
99,36,189,https://crosswordgrids.com/15x15-crossword-grids/grid-99
100,32,193,https://crosswordgrids.com/15x15-crossword-grids/grid-100
101,46,179,https://crosswordgrids.com/15x15-crossword-grids/grid-101
102,38,187,https://crosswordgrids.com/15x15-crossword-grids/grid-102
103,42,183,https://crosswordgrids.com/15x15-crossword-grids/grid-103
104,42,183,https://crosswordgrids.com/15x15-crossword-grids/grid-104
105,46,179,https://crosswordgrids.com/15x15-crossword-grids/grid-105
106,42,183,https://crosswordgrids.com/15x15-crossword-grids/grid-106
107,32,193,https://crosswordgrids.com/15x15-crossword-grids/grid-107
108,38,187,https://crosswordgrids.com/15x15-crossword-grids/grid-108
109,42,183,https://crosswordgrids.com/15x15-crossword-grids/grid-109
110,42,183,https://crosswordgrids.com/15x15-crossword-grids/grid-110
111,42,183,https://crosswordgrids.com/15x15-crossword-grids/grid-111
112,40,185,https://crosswordgrids.com/15x15-crossword-grids/grid-112
113,40,185,https://crosswordgrids.com/15x15-crossword-grids/grid-113
114,36,189,https://crosswordgrids.com/15x15-crossword-grids/grid-114
115,32,193,https://crosswordgrids.com/15x15-crossword-grids/grid-115
116,32,193,https://crosswordgrids.com/15x15-crossword-grids/grid-116
117,42,183,https://crosswordgrids.com/15x15-crossword-grids/grid-117
118,44,181,https://crosswordgrids.com/15x15-crossword-grids/grid-118
119,32,193,https://crosswordgrids.com/15x15-crossword-grids/grid-119
120,34,191,https://crosswordgrids.com/15x15-crossword-grids/grid-120
121,44,181,https://crosswordgrids.com/15x15-crossword-grids/grid-121
122,32,193,https://crosswordgrids.com/15x15-crossword-grids/grid-122
123,34,191,https://crosswordgrids.com/15x15-crossword-grids/grid-123
124,32,193,https://crosswordgrids.com/15x15-crossword-grids/grid-124
125,32,193,https://crosswordgrids.com/15x15-crossword-grids/grid-125
126,46,179,https://crosswordgrids.com/15x15-crossword-grids/grid-126
127,32,193,https://crosswordgrids.com/15x15-crossword-grids/grid-127
128,34,191,https://crosswordgrids.com/15x15-crossword-grids/grid-128
129,44,181,https://crosswordgrids.com/15x15-crossword-grids/grid-129
130,44,181,https://crosswordgrids.com/15x15-crossword-grids/grid-130
131,36,189,https://crosswordgrids.com/15x15-crossword-grids/grid-131
132,32,193,https://crosswordgrids.com/15x15-crossword-grids/grid-132
133,36,189,https://crosswordgrids.com/15x15-crossword-grids/grid-133
134,38,187,https://crosswordgrids.com/15x15-crossword-grids/grid-134
135,36,189,https://crosswordgrids.com/15x15-crossword-grids/grid-135
136,36,189,https://crosswordgrids.com/15x15-crossword-grids/grid-136
137,44,181,https://crosswordgrids.com/15x15-crossword-grids/grid-137
138,32,193,https://crosswordgrids.com/15x15-crossword-grids/grid-138
139,42,183,https://crosswordgrids.com/15x15-crossword-grids/grid-139
140,36,189,https://crosswordgrids.com/15x15-crossword-grids/grid-140
141,40,185,https://crosswordgrids.com/15x15-crossword-grids/grid-141
142,36,189,https://crosswordgrids.com/15x15-crossword-grids/grid-142
143,40,185,https://crosswordgrids.com/15x15-crossword-grids/grid-143
144,32,193,https://crosswordgrids.com/15x15-crossword-grids/grid-144
145,44,181,https://crosswordgrids.com/15x15-crossword-grids/grid-145
146,42,183,https://crosswordgrids.com/15x15-crossword-grids/grid-146
147,36,189,https://crosswordgrids.com/15x15-crossword-grids/grid-147
148,36,189,https://crosswordgrids.com/15x15-crossword-grids/grid-148
149,40,185,https://crosswordgrids.com/15x15-crossword-grids/grid-149
150,40,185,https://crosswordgrids.com/15x15-crossword-grids/grid-150
151,42,183,https://crosswordgrids.com/15x15-crossword-grids/grid-151
152,32,193,https://crosswordgrids.com/15x15-crossword-grids/grid-152
153,44,181,https://crosswordgrids.com/15x15-crossword-grids/grid-153
154,34,191,https://crosswordgrids.com/15x15-crossword-grids/grid-154
155,32,193,https://crosswordgrids.com/15x15-crossword-grids/grid-155
156,42,183,https://crosswordgrids.com/15x15-crossword-grids/grid-156
157,42,183,https://crosswordgrids.com/15x15-crossword-grids/grid-157
158,40,185,https://crosswordgrids.com/15x15-crossword-grids/grid-158
159,34,191,https://crosswordgrids.com/15x15-crossword-grids/grid-159
160,34,191,https://crosswordgrids.com/15x15-crossword-grids/grid-160
161,32,193,https://crosswordgrids.com/15x15-crossword-grids/grid-161
162,34,191,https://crosswordgrids.com/15x15-crossword-grids/grid-162
163,36,189,https://crosswordgrids.com/15x15-crossword-grids/grid-163
164,38,187,https://crosswordgrids.com/15x15-crossword-grids/grid-164
165,38,187,https://crosswordgrids.com/15x15-crossword-grids/grid-165
166,38,187,https://crosswordgrids.com/15x15-crossword-grids/grid-166
167,44,181,https://crosswordgrids.com/15x15-crossword-grids/grid-167
168,34,191,https://crosswordgrids.com/15x15-crossword-grids/grid-168
169,36,189,https://crosswordgrids.com/15x15-crossword-grids/grid-169
170,34,191,https://crosswordgrids.com/15x15-crossword-grids/grid-170
171,46,179,https://crosswordgrids.com/15x15-crossword-grids/grid-171
172,34,191,https://crosswordgrids.com/15x15-crossword-grids/grid-172
173,36,189,https://crosswordgrids.com/15x15-crossword-grids/grid-173
174,34,191,https://crosswordgrids.com/15x15-crossword-grids/grid-174
175,46,179,https://crosswordgrids.com/15x15-crossword-grids/grid-175
176,32,193,https://crosswordgrids.com/15x15-crossword-grids/grid-176
177,42,183,https://crosswordgrids.com/15x15-crossword-grids/grid-177
178,42,183,https://crosswordgrids.com/15x15-crossword-grids/grid-178
179,34,191,https://crosswordgrids.com/15x15-crossword-grids/grid-179
180,32,193,https://crosswordgrids.com/15x15-crossword-grids/grid-180
181,32,193,https://crosswordgrids.com/15x15-crossword-grids/grid-181
182,44,181,https://crosswordgrids.com/15x15-crossword-grids/grid-182
183,42,183,https://crosswordgrids.com/15x15-crossword-grids/grid-183
184,40,185,https://crosswordgrids.com/15x15-crossword-grids/grid-184
185,32,193,https://crosswordgrids.com/15x15-crossword-grids/grid-185
186,42,183,https://crosswordgrids.com/15x15-crossword-grids/grid-186
187,40,185,https://crosswordgrids.com/15x15-crossword-grids/grid-187
188,44,181,https://crosswordgrids.com/15x15-crossword-grids/grid-188
189,42,183,https://crosswordgrids.com/15x15-crossword-grids/grid-189
190,38,187,https://crosswordgrids.com/15x15-crossword-grids/grid-190
191,40,185,https://crosswordgrids.com/15x15-crossword-grids/grid-191
192,34,191,https://crosswordgrids.com/15x15-crossword-grids/grid-192
193,34,191,https://crosswordgrids.com/15x15-crossword-grids/grid-193
194,40,185,https://crosswordgrids.com/15x15-crossword-grids/grid-194
195,36,189,https://crosswordgrids.com/15x15-crossword-grids/grid-195
196,36,189,https://crosswordgrids.com/15x15-crossword-grids/grid-196
197,32,193,https://crosswordgrids.com/15x15-crossword-grids/grid-197
198,36,189,https://crosswordgrids.com/15x15-crossword-grids/grid-198
199,36,189,https://crosswordgrids.com/15x15-crossword-grids/grid-199
200,34,191,https://crosswordgrids.com/15x15-crossword-grids/grid-200
201,40,185,https://crosswordgrids.com/15x15-crossword-grids/grid-201
202,42,183,https://crosswordgrids.com/15x15-crossword-grids/grid-202
203,44,181,https://crosswordgrids.com/15x15-crossword-grids/grid-203
204,38,187,https://crosswordgrids.com/15x15-crossword-grids/grid-204
205,42,183,https://crosswordgrids.com/15x15-crossword-grids/grid-205
206,34,191,https://crosswordgrids.com/15x15-crossword-grids/grid-206
207,32,193,https://crosswordgrids.com/15x15-crossword-grids/grid-207
208,40,185,https://crosswordgrids.com/15x15-crossword-grids/grid-208
209,38,187,https://crosswordgrids.com/15x15-crossword-grids/grid-209
210,38,187,https://crosswordgrids.com/15x15-crossword-grids/grid-210
211,40,185,https://crosswordgrids.com/15x15-crossword-grids/grid-211
212,44,181,https://crosswordgrids.com/15x15-crossword-grids/grid-212
213,34,191,https://crosswordgrids.com/15x15-crossword-grids/grid-213
214,46,179,https://crosswordgrids.com/15x15-crossword-grids/grid-214
215,44,181,https://crosswordgrids.com/15x15-crossword-grids/grid-215
216,38,187,https://crosswordgrids.com/15x15-crossword-grids/grid-216
217,36,189,https://crosswordgrids.com/15x15-crossword-grids/grid-217
218,32,193,https://crosswordgrids.com/15x15-crossword-grids/grid-218
219,38,187,https://crosswordgrids.com/15x15-crossword-grids/grid-219
220,32,193,https://crosswordgrids.com/15x15-crossword-grids/grid-220
221,36,189,https://crosswordgrids.com/15x15-crossword-grids/grid-221
222,42,183,https://crosswordgrids.com/15x15-crossword-grids/grid-222
223,42,183,https://crosswordgrids.com/15x15-crossword-grids/grid-223
224,36,189,https://crosswordgrids.com/15x15-crossword-grids/grid-224
225,38,187,https://crosswordgrids.com/15x15-crossword-grids/grid-225
226,40,185,https://crosswordgrids.com/15x15-crossword-grids/grid-226
227,32,193,https://crosswordgrids.com/15x15-crossword-grids/grid-227
228,32,193,https://crosswordgrids.com/15x15-crossword-grids/grid-228
229,40,185,https://crosswordgrids.com/15x15-crossword-grids/grid-229
230,46,179,https://crosswordgrids.com/15x15-crossword-grids/grid-230
231,34,191,https://crosswordgrids.com/15x15-crossword-grids/grid-231
232,34,191,https://crosswordgrids.com/15x15-crossword-grids/grid-232
233,38,187,https://crosswordgrids.com/15x15-crossword-grids/grid-233
234,32,193,https://crosswordgrids.com/15x15-crossword-grids/grid-234
235,42,183,https://crosswordgrids.com/15x15-crossword-grids/grid-235
236,32,193,https://crosswordgrids.com/15x15-crossword-grids/grid-236
237,36,189,https://crosswordgrids.com/15x15-crossword-grids/grid-237
238,32,193,https://crosswordgrids.com/15x15-crossword-grids/grid-238
239,36,189,https://crosswordgrids.com/15x15-crossword-grids/grid-239
240,42,183,https://crosswordgrids.com/15x15-crossword-grids/grid-240
241,34,191,https://crosswordgrids.com/15x15-crossword-grids/grid-241
242,36,189,https://crosswordgrids.com/15x15-crossword-grids/grid-242
243,36,189,https://crosswordgrids.com/15x15-crossword-grids/grid-243
244,38,187,https://crosswordgrids.com/15x15-crossword-grids/grid-244
245,34,191,https://crosswordgrids.com/15x15-crossword-grids/grid-245
246,40,185,https://crosswordgrids.com/15x15-crossword-grids/grid-246
247,40,185,https://crosswordgrids.com/15x15-crossword-grids/grid-247
248,44,181,https://crosswordgrids.com/15x15-crossword-grids/grid-248
249,36,189,https://crosswordgrids.com/15x15-crossword-grids/grid-249
250,38,187,https://crosswordgrids.com/15x15-crossword-grids/grid-250
251,46,179,https://crosswordgrids.com/15x15-crossword-grids/grid-251
252,32,193,https://crosswordgrids.com/15x15-crossword-grids/grid-252
253,40,185,https://crosswordgrids.com/15x15-crossword-grids/grid-253
254,32,193,https://crosswordgrids.com/15x15-crossword-grids/grid-254
255,44,181,https://crosswordgrids.com/15x15-crossword-grids/grid-255
256,36,189,https://crosswordgrids.com/15x15-crossword-grids/grid-256
257,38,187,https://crosswordgrids.com/15x15-crossword-grids/grid-257
258,36,189,https://crosswordgrids.com/15x15-crossword-grids/grid-258
259,38,187,https://crosswordgrids.com/15x15-crossword-grids/grid-259
260,44,181,https://crosswordgrids.com/15x15-crossword-grids/grid-260
261,44,181,https://crosswordgrids.com/15x15-crossword-grids/grid-261
262,34,191,https://crosswordgrids.com/15x15-crossword-grids/grid-262
263,42,183,https://crosswordgrids.com/15x15-crossword-grids/grid-263
264,46,179,https://crosswordgrids.com/15x15-crossword-grids/grid-264
265,40,185,https://crosswordgrids.com/15x15-crossword-grids/grid-265
266,34,191,https://crosswordgrids.com/15x15-crossword-grids/grid-266
267,36,189,https://crosswordgrids.com/15x15-crossword-grids/grid-267
268,34,191,https://crosswordgrids.com/15x15-crossword-grids/grid-268
269,42,183,https://crosswordgrids.com/15x15-crossword-grids/grid-269
270,34,191,https://crosswordgrids.com/15x15-crossword-grids/grid-270
271,42,183,https://crosswordgrids.com/15x15-crossword-grids/grid-271
272,40,185,https://crosswordgrids.com/15x15-crossword-grids/grid-272
273,34,191,https://crosswordgrids.com/15x15-crossword-grids/grid-273
274,44,181,https://crosswordgrids.com/15x15-crossword-grids/grid-274
275,42,183,https://crosswordgrids.com/15x15-crossword-grids/grid-275
276,36,189,https://crosswordgrids.com/15x15-crossword-grids/grid-276
277,32,193,https://crosswordgrids.com/15x15-crossword-grids/grid-277
278,32,193,https://crosswordgrids.com/15x15-crossword-grids/grid-278
279,44,181,https://crosswordgrids.com/15x15-crossword-grids/grid-279
280,44,181,https://crosswordgrids.com/15x15-crossword-grids/grid-280
281,46,179,https://crosswordgrids.com/15x15-crossword-grids/grid-281
282,32,193,https://crosswordgrids.com/15x15-crossword-grids/grid-282
283,36,189,https://crosswordgrids.com/15x15-crossword-grids/grid-283
284,40,185,https://crosswordgrids.com/15x15-crossword-grids/grid-284
285,38,187,https://crosswordgrids.com/15x15-crossword-grids/grid-285
286,40,185,https://crosswordgrids.com/15x15-crossword-grids/grid-286
287,36,189,https://crosswordgrids.com/15x15-crossword-grids/grid-287
288,44,181,https://crosswordgrids.com/15x15-crossword-grids/grid-288
289,36,189,https://crosswordgrids.com/15x15-crossword-grids/grid-289
290,36,189,https://crosswordgrids.com/15x15-crossword-grids/grid-290
291,36,189,https://crosswordgrids.com/15x15-crossword-grids/grid-291
292,44,181,https://crosswordgrids.com/15x15-crossword-grids/grid-292
293,42,183,https://crosswordgrids.com/15x15-crossword-grids/grid-293
294,44,181,https://crosswordgrids.com/15x15-crossword-grids/grid-294
295,36,189,https://crosswordgrids.com/15x15-crossword-grids/grid-295
296,34,191,https://crosswordgrids.com/15x15-crossword-grids/grid-296
297,32,193,https://crosswordgrids.com/15x15-crossword-grids/grid-297
298,38,187,https://crosswordgrids.com/15x15-crossword-grids/grid-298
299,44,181,https://crosswordgrids.com/15x15-crossword-grids/grid-299
300,40,185,https://crosswordgrids.com/15x15-crossword-grids/grid-300
301,46,179,https://crosswordgrids.com/15x15-crossword-grids/grid-301
302,44,181,https://crosswordgrids.com/15x15-crossword-grids/grid-302
303,38,187,https://crosswordgrids.com/15x15-crossword-grids/grid-303
304,40,185,https://crosswordgrids.com/15x15-crossword-grids/grid-304
305,44,181,https://crosswordgrids.com/15x15-crossword-grids/grid-305
306,44,181,https://crosswordgrids.com/15x15-crossword-grids/grid-306
307,34,191,https://crosswordgrids.com/15x15-crossword-grids/grid-307
308,36,189,https://crosswordgrids.com/15x15-crossword-grids/grid-308
309,32,193,https://crosswordgrids.com/15x15-crossword-grids/grid-309
310,42,183,https://crosswordgrids.com/15x15-crossword-grids/grid-310
311,32,193,https://crosswordgrids.com/15x15-crossword-grids/grid-311
312,36,189,https://crosswordgrids.com/15x15-crossword-grids/grid-312
313,40,185,https://crosswordgrids.com/15x15-crossword-grids/grid-313
314,32,193,https://crosswordgrids.com/15x15-crossword-grids/grid-314
315,40,185,https://crosswordgrids.com/15x15-crossword-grids/grid-315
316,44,181,https://crosswordgrids.com/15x15-crossword-grids/grid-316
317,46,179,https://crosswordgrids.com/15x15-crossword-grids/grid-317
318,46,179,https://crosswordgrids.com/15x15-crossword-grids/grid-318
319,32,193,https://crosswordgrids.com/15x15-crossword-grids/grid-319
320,46,179,https://crosswordgrids.com/15x15-crossword-grids/grid-320
321,38,187,https://crosswordgrids.com/15x15-crossword-grids/grid-321
322,38,187,https://crosswordgrids.com/15x15-crossword-grids/grid-322
323,40,185,https://crosswordgrids.com/15x15-crossword-grids/grid-323
324,42,183,https://crosswordgrids.com/15x15-crossword-grids/grid-324
325,40,185,https://crosswordgrids.com/15x15-crossword-grids/grid-325
326,44,181,https://crosswordgrids.com/15x15-crossword-grids/grid-326
327,34,191,https://crosswordgrids.com/15x15-crossword-grids/grid-327
328,32,193,https://crosswordgrids.com/15x15-crossword-grids/grid-328
329,44,181,https://crosswordgrids.com/15x15-crossword-grids/grid-329
330,38,187,https://crosswordgrids.com/15x15-crossword-grids/grid-330
331,32,193,https://crosswordgrids.com/15x15-crossword-grids/grid-331
332,42,183,https://crosswordgrids.com/15x15-crossword-grids/grid-332
333,40,185,https://crosswordgrids.com/15x15-crossword-grids/grid-333
334,42,183,https://crosswordgrids.com/15x15-crossword-grids/grid-334
335,44,181,https://crosswordgrids.com/15x15-crossword-grids/grid-335
336,34,191,https://crosswordgrids.com/15x15-crossword-grids/grid-336
337,34,191,https://crosswordgrids.com/15x15-crossword-grids/grid-337
338,44,181,https://crosswordgrids.com/15x15-crossword-grids/grid-338
339,42,183,https://crosswordgrids.com/15x15-crossword-grids/grid-339
340,46,179,https://crosswordgrids.com/15x15-crossword-grids/grid-340
341,36,189,https://crosswordgrids.com/15x15-crossword-grids/grid-341
342,32,193,https://crosswordgrids.com/15x15-crossword-grids/grid-342
343,36,189,https://crosswordgrids.com/15x15-crossword-grids/grid-343
344,32,193,https://crosswordgrids.com/15x15-crossword-grids/grid-344
345,32,193,https://crosswordgrids.com/15x15-crossword-grids/grid-345
346,34,191,https://crosswordgrids.com/15x15-crossword-grids/grid-346
347,34,191,https://crosswordgrids.com/15x15-crossword-grids/grid-347
348,38,187,https://crosswordgrids.com/15x15-crossword-grids/grid-348
349,38,187,https://crosswordgrids.com/15x15-crossword-grids/grid-349
350,40,185,https://crosswordgrids.com/15x15-crossword-grids/grid-350
351,44,181,https://crosswordgrids.com/15x15-crossword-grids/grid-351
352,42,183,https://crosswordgrids.com/15x15-crossword-grids/grid-352
353,38,187,https://crosswordgrids.com/15x15-crossword-grids/grid-353
354,38,187,https://crosswordgrids.com/15x15-crossword-grids/grid-354
355,38,187,https://crosswordgrids.com/15x15-crossword-grids/grid-355
356,44,181,https://crosswordgrids.com/15x15-crossword-grids/grid-356
357,40,185,https://crosswordgrids.com/15x15-crossword-grids/grid-357
358,36,189,https://crosswordgrids.com/15x15-crossword-grids/grid-358
359,46,179,https://crosswordgrids.com/15x15-crossword-grids/grid-359
360,46,179,https://crosswordgrids.com/15x15-crossword-grids/grid-360
361,32,193,https://crosswordgrids.com/15x15-crossword-grids/grid-361
362,44,181,https://crosswordgrids.com/15x15-crossword-grids/grid-362
363,34,191,https://crosswordgrids.com/15x15-crossword-grids/grid-363
364,38,187,https://crosswordgrids.com/15x15-crossword-grids/grid-364
365,44,181,https://crosswordgrids.com/15x15-crossword-grids/grid-365
366,44,181,https://crosswordgrids.com/15x15-crossword-grids/grid-366
367,42,183,https://crosswordgrids.com/15x15-crossword-grids/grid-367
368,42,183,https://crosswordgrids.com/15x15-crossword-grids/grid-368
369,34,191,https://crosswordgrids.com/15x15-crossword-grids/grid-369
370,36,189,https://crosswordgrids.com/15x15-crossword-grids/grid-370
371,44,181,https://crosswordgrids.com/15x15-crossword-grids/grid-371
372,38,187,https://crosswordgrids.com/15x15-crossword-grids/grid-372
373,36,189,https://crosswordgrids.com/15x15-crossword-grids/grid-373
374,44,181,https://crosswordgrids.com/15x15-crossword-grids/grid-374
375,32,193,https://crosswordgrids.com/15x15-crossword-grids/grid-375
376,40,185,https://crosswordgrids.com/15x15-crossword-grids/grid-376
377,38,187,https://crosswordgrids.com/15x15-crossword-grids/grid-377
378,46,179,https://crosswordgrids.com/15x15-crossword-grids/grid-378
379,44,181,https://crosswordgrids.com/15x15-crossword-grids/grid-379
380,32,193,https://crosswordgrids.com/15x15-crossword-grids/grid-380
381,34,191,https://crosswordgrids.com/15x15-crossword-grids/grid-381
382,42,183,https://crosswordgrids.com/15x15-crossword-grids/grid-382
383,44,181,https://crosswordgrids.com/15x15-crossword-grids/grid-383
384,36,189,https://crosswordgrids.com/15x15-crossword-grids/grid-384
385,36,189,https://crosswordgrids.com/15x15-crossword-grids/grid-385
386,36,189,https://crosswordgrids.com/15x15-crossword-grids/grid-386
387,44,181,https://crosswordgrids.com/15x15-crossword-grids/grid-387
388,46,179,https://crosswordgrids.com/15x15-crossword-grids/grid-388
389,46,179,https://crosswordgrids.com/15x15-crossword-grids/grid-389
390,32,193,https://crosswordgrids.com/15x15-crossword-grids/grid-390
391,36,189,https://crosswordgrids.com/15x15-crossword-grids/grid-391
392,36,189,https://crosswordgrids.com/15x15-crossword-grids/grid-392
393,32,193,https://crosswordgrids.com/15x15-crossword-grids/grid-393
394,36,189,https://crosswordgrids.com/15x15-crossword-grids/grid-394
395,34,191,https://crosswordgrids.com/15x15-crossword-grids/grid-395
396,40,185,https://crosswordgrids.com/15x15-crossword-grids/grid-396
397,42,183,https://crosswordgrids.com/15x15-crossword-grids/grid-397
398,40,185,https://crosswordgrids.com/15x15-crossword-grids/grid-398
399,38,187,https://crosswordgrids.com/15x15-crossword-grids/grid-399
400,36,189,https://crosswordgrids.com/15x15-crossword-grids/grid-400
401,36,189,https://crosswordgrids.com/15x15-crossword-grids/grid-401
402,44,181,https://crosswordgrids.com/15x15-crossword-grids/grid-402
403,36,189,https://crosswordgrids.com/15x15-crossword-grids/grid-403
404,44,181,https://crosswordgrids.com/15x15-crossword-grids/grid-404
405,36,189,https://crosswordgrids.com/15x15-crossword-grids/grid-405
406,36,189,https://crosswordgrids.com/15x15-crossword-grids/grid-406
407,42,183,https://crosswordgrids.com/15x15-crossword-grids/grid-407
408,44,181,https://crosswordgrids.com/15x15-crossword-grids/grid-408
409,34,191,https://crosswordgrids.com/15x15-crossword-grids/grid-409
410,44,181,https://crosswordgrids.com/15x15-crossword-grids/grid-410
411,32,193,https://crosswordgrids.com/15x15-crossword-grids/grid-411
412,36,189,https://crosswordgrids.com/15x15-crossword-grids/grid-412
413,42,183,https://crosswordgrids.com/15x15-crossword-grids/grid-413
414,44,181,https://crosswordgrids.com/15x15-crossword-grids/grid-414
415,34,191,https://crosswordgrids.com/15x15-crossword-grids/grid-415
416,46,179,https://crosswordgrids.com/15x15-crossword-grids/grid-416
417,32,193,https://crosswordgrids.com/15x15-crossword-grids/grid-417
418,40,185,https://crosswordgrids.com/15x15-crossword-grids/grid-418
419,42,183,https://crosswordgrids.com/15x15-crossword-grids/grid-419
420,34,191,https://crosswordgrids.com/15x15-crossword-grids/grid-420
421,38,187,https://crosswordgrids.com/15x15-crossword-grids/grid-421
422,40,185,https://crosswordgrids.com/15x15-crossword-grids/grid-422
423,32,193,https://crosswordgrids.com/15x15-crossword-grids/grid-423
424,32,193,https://crosswordgrids.com/15x15-crossword-grids/grid-424
425,32,193,https://crosswordgrids.com/15x15-crossword-grids/grid-425
426,38,187,https://crosswordgrids.com/15x15-crossword-grids/grid-426
427,38,187,https://crosswordgrids.com/15x15-crossword-grids/grid-427
428,38,187,https://crosswordgrids.com/15x15-crossword-grids/grid-428
429,40,185,https://crosswordgrids.com/15x15-crossword-grids/grid-429
430,44,181,https://crosswordgrids.com/15x15-crossword-grids/grid-430
431,44,181,https://crosswordgrids.com/15x15-crossword-grids/grid-431
432,34,191,https://crosswordgrids.com/15x15-crossword-grids/grid-432
433,40,185,https://crosswordgrids.com/15x15-crossword-grids/grid-433
434,40,185,https://crosswordgrids.com/15x15-crossword-grids/grid-434
435,44,181,https://crosswordgrids.com/15x15-crossword-grids/grid-435
436,40,185,https://crosswordgrids.com/15x15-crossword-grids/grid-436
437,34,191,https://crosswordgrids.com/15x15-crossword-grids/grid-437
438,32,193,https://crosswordgrids.com/15x15-crossword-grids/grid-438
439,32,193,https://crosswordgrids.com/15x15-crossword-grids/grid-439
440,42,183,https://crosswordgrids.com/15x15-crossword-grids/grid-440
441,34,191,https://crosswordgrids.com/15x15-crossword-grids/grid-441
442,36,189,https://crosswordgrids.com/15x15-crossword-grids/grid-442
443,38,187,https://crosswordgrids.com/15x15-crossword-grids/grid-443
444,46,179,https://crosswordgrids.com/15x15-crossword-grids/grid-444
445,44,181,https://crosswordgrids.com/15x15-crossword-grids/grid-445
446,46,179,https://crosswordgrids.com/15x15-crossword-grids/grid-446
447,44,181,https://crosswordgrids.com/15x15-crossword-grids/grid-447
448,44,181,https://crosswordgrids.com/15x15-crossword-grids/grid-448
449,42,183,https://crosswordgrids.com/15x15-crossword-grids/grid-449
450,44,181,https://crosswordgrids.com/15x15-crossword-grids/grid-450
451,40,185,https://crosswordgrids.com/15x15-crossword-grids/grid-451
452,34,191,https://crosswordgrids.com/15x15-crossword-grids/grid-452
453,34,191,https://crosswordgrids.com/15x15-crossword-grids/grid-453
454,42,183,https://crosswordgrids.com/15x15-crossword-grids/grid-454
455,42,183,https://crosswordgrids.com/15x15-crossword-grids/grid-455
456,36,189,https://crosswordgrids.com/15x15-crossword-grids/grid-456
457,34,191,https://crosswordgrids.com/15x15-crossword-grids/grid-457
458,36,189,https://crosswordgrids.com/15x15-crossword-grids/grid-458
459,32,193,https://crosswordgrids.com/15x15-crossword-grids/grid-459
460,38,187,https://crosswordgrids.com/15x15-crossword-grids/grid-460
461,34,191,https://crosswordgrids.com/15x15-crossword-grids/grid-461
462,40,185,https://crosswordgrids.com/15x15-crossword-grids/grid-462
463,36,189,https://crosswordgrids.com/15x15-crossword-grids/grid-463
464,32,193,https://crosswordgrids.com/15x15-crossword-grids/grid-464
465,42,183,https://crosswordgrids.com/15x15-crossword-grids/grid-465
466,32,193,https://crosswordgrids.com/15x15-crossword-grids/grid-466
467,32,193,https://crosswordgrids.com/15x15-crossword-grids/grid-467
468,34,191,https://crosswordgrids.com/15x15-crossword-grids/grid-468
469,42,183,https://crosswordgrids.com/15x15-crossword-grids/grid-469
470,34,191,https://crosswordgrids.com/15x15-crossword-grids/grid-470
471,36,189,https://crosswordgrids.com/15x15-crossword-grids/grid-471
472,34,191,https://crosswordgrids.com/15x15-crossword-grids/grid-472
473,36,189,https://crosswordgrids.com/15x15-crossword-grids/grid-473
474,38,187,https://crosswordgrids.com/15x15-crossword-grids/grid-474
475,44,181,https://crosswordgrids.com/15x15-crossword-grids/grid-475
476,32,193,https://crosswordgrids.com/15x15-crossword-grids/grid-476
477,36,189,https://crosswordgrids.com/15x15-crossword-grids/grid-477
478,36,189,https://crosswordgrids.com/15x15-crossword-grids/grid-478
479,34,191,https://crosswordgrids.com/15x15-crossword-grids/grid-479
480,44,181,https://crosswordgrids.com/15x15-crossword-grids/grid-480
481,34,191,https://crosswordgrids.com/15x15-crossword-grids/grid-481
482,40,185,https://crosswordgrids.com/15x15-crossword-grids/grid-482
483,40,185,https://crosswordgrids.com/15x15-crossword-grids/grid-483
484,44,181,https://crosswordgrids.com/15x15-crossword-grids/grid-484
485,38,187,https://crosswordgrids.com/15x15-crossword-grids/grid-485
486,40,185,https://crosswordgrids.com/15x15-crossword-grids/grid-486
487,44,181,https://crosswordgrids.com/15x15-crossword-grids/grid-487
488,40,185,https://crosswordgrids.com/15x15-crossword-grids/grid-488
489,32,193,https://crosswordgrids.com/15x15-crossword-grids/grid-489
490,32,193,https://crosswordgrids.com/15x15-crossword-grids/grid-490
491,46,179,https://crosswordgrids.com/15x15-crossword-grids/grid-491
492,36,189,https://crosswordgrids.com/15x15-crossword-grids/grid-492
493,36,189,https://crosswordgrids.com/15x15-crossword-grids/grid-493
494,34,191,https://crosswordgrids.com/15x15-crossword-grids/grid-494
495,32,193,https://crosswordgrids.com/15x15-crossword-grids/grid-495
496,40,185,https://crosswordgrids.com/15x15-crossword-grids/grid-496
497,40,185,https://crosswordgrids.com/15x15-crossword-grids/grid-497
498,34,191,https://crosswordgrids.com/15x15-crossword-grids/grid-498
499,38,187,https://crosswordgrids.com/15x15-crossword-grids/grid-499
500,40,185,https://crosswordgrids.com/15x15-crossword-grids/grid-500
